Bootstraps,Score,Score_Choose_N,EvaluationMetric,EvaluationMetric_Cutoff,PoseSelection,PoseSelection_Choose_N,Reference_Split,N_Reference_Structures,Reference_Structure_Column,Min,Max,CI_Upper,CI_Lower,Total,Fraction,Evaluator_Model,Randomize_by_N_Days,Date_Column
1000,RMSD,1,PoseData_RMSD,2.0,Default,1,RandomSplit,1,Reference_Structure,0.009174311926605505,0.5504587155963303,0.536697247706422,0.045871559633027525,218,0.3923532110091743,"{""type_"":""Evaluator"",""name"":""Evaluator"",""pose_selector"":{""type_"":""PoseSelector"",""name"":""Default"",""category"":""PoseSelection"",""variable"":""Pose_ID"",""ascending"":true,""number_to_return"":1},""dataset_split"":{""type_"":""RandomSplit"",""name"":""RandomSplit"",""deterministic"":false,""split_level"":0,""reference_structure_column"":""Reference_Structure"",""n_reference_structures"":1},""similarity_split"":null,""scorer"":{""type_"":""RMSDScorer"",""name"":""RMSD"",""category"":""Score"",""variable"":""PoseData_RMSD"",""ascending"":true,""number_to_return"":1},""evaluator"":{""type_"":""BinaryEvaluation"",""name"":""BinaryEvaluation"",""variable"":""PoseData_RMSD"",""cutoff"":2.0,""below_cutoff_is_good"":true},""n_bootstraps"":1000,""dataset_before_similarity"":true}",,
1000,RMSD,1,PoseData_RMSD,2.0,Default,1,RandomSplit,2,Reference_Structure,0.0871559633027523,0.7339449541284404,0.6559633027522935,0.3486238532110092,218,0.5503944954128441,"{""type_"":""Evaluator"",""name"":""Evaluator"",""pose_selector"":{""type_"":""PoseSelector"",""name"":""Default"",""category"":""PoseSelection"",""variable"":""Pose_ID"",""ascending"":true,""number_to_return"":1},""dataset_split"":{""type_"":""RandomSplit"",""name"":""RandomSplit"",""deterministic"":false,""split_level"":0,""reference_structure_column"":""Reference_Structure"",""n_reference_structures"":2},""similarity_split"":null,""scorer"":{""type_"":""RMSDScorer"",""name"":""RMSD"",""category"":""Score"",""variable"":""PoseData_RMSD"",""ascending"":true,""number_to_return"":1},""evaluator"":{""type_"":""BinaryEvaluation"",""name"":""BinaryEvaluation"",""variable"":""PoseData_RMSD"",""cutoff"":2.0,""below_cutoff_is_good"":true},""n_bootstraps"":1000,""dataset_before_similarity"":true}",,
1000,RMSD,1,PoseData_RMSD,2.0,Default,1,RandomSplit,5,Reference_Structure,0.5275229357798165,0.8027522935779816,0.7706422018348624,0.6513761467889908,218,0.7198486238532109,"{""type_"":""Evaluator"",""name"":""Evaluator"",""pose_selector"":{""type_"":""PoseSelector"",""name"":""Default"",""category"":""PoseSelection"",""variable"":""Pose_ID"",""ascending"":true,""number_to_return"":1},""dataset_split"":{""type_"":""RandomSplit"",""name"":""RandomSplit"",""deterministic"":false,""split_level"":0,""reference_structure_column"":""Reference_Structure"",""n_reference_structures"":5},""similarity_split"":null,""scorer"":{""type_"":""RMSDScorer"",""name"":""RMSD"",""category"":""Score"",""variable"":""PoseData_RMSD"",""ascending"":true,""number_to_return"":1},""evaluator"":{""type_"":""BinaryEvaluation"",""name"":""BinaryEvaluation"",""variable"":""PoseData_RMSD"",""cutoff"":2.0,""below_cutoff_is_good"":true},""n_bootstraps"":1000,""dataset_before_similarity"":true}",,
1000,RMSD,1,PoseData_RMSD,2.0,Default,1,RandomSplit,10,Reference_Structure,0.7201834862385321,0.8532110091743119,0.8302752293577982,0.7522935779816514,218,0.7917018348623853,"{""type_"":""Evaluator"",""name"":""Evaluator"",""pose_selector"":{""type_"":""PoseSelector"",""name"":""Default"",""category"":""PoseSelection"",""variable"":""Pose_ID"",""ascending"":true,""number_to_return"":1},""dataset_split"":{""type_"":""RandomSplit"",""name"":""RandomSplit"",""deterministic"":false,""split_level"":0,""reference_structure_column"":""Reference_Structure"",""n_reference_structures"":10},""similarity_split"":null,""scorer"":{""type_"":""RMSDScorer"",""name"":""RMSD"",""category"":""Score"",""variable"":""PoseData_RMSD"",""ascending"":true,""number_to_return"":1},""evaluator"":{""type_"":""BinaryEvaluation"",""name"":""BinaryEvaluation"",""variable"":""PoseData_RMSD"",""cutoff"":2.0,""below_cutoff_is_good"":true},""n_bootstraps"":1000,""dataset_before_similarity"":true}",,
1000,RMSD,1,PoseData_RMSD,2.0,Default,1,RandomSplit,20,Reference_Structure,0.7981651376146789,0.9036697247706422,0.8761467889908257,0.8119266055045872,218,0.8436330275229358,"{""type_"":""Evaluator"",""name"":""Evaluator"",""pose_selector"":{""type_"":""PoseSelector"",""name"":""Default"",""category"":""PoseSelection"",""variable"":""Pose_ID"",""ascending"":true,""number_to_return"":1},""dataset_split"":{""type_"":""RandomSplit"",""name"":""RandomSplit"",""deterministic"":false,""split_level"":0,""reference_structure_column"":""Reference_Structure"",""n_reference_structures"":20},""similarity_split"":null,""scorer"":{""type_"":""RMSDScorer"",""name"":""RMSD"",""category"":""Score"",""variable"":""PoseData_RMSD"",""ascending"":true,""number_to_return"":1},""evaluator"":{""type_"":""BinaryEvaluation"",""name"":""BinaryEvaluation"",""variable"":""PoseData_RMSD"",""cutoff"":2.0,""below_cutoff_is_good"":true},""n_bootstraps"":1000,""dataset_before_similarity"":true}",,
1000,RMSD,1,PoseData_RMSD,2.0,Default,1,RandomSplit,50,Reference_Structure,0.8623853211009175,0.926605504587156,0.9128440366972477,0.8715596330275229,218,0.8951605504587156,"{""type_"":""Evaluator"",""name"":""Evaluator"",""pose_selector"":{""type_"":""PoseSelector"",""name"":""Default"",""category"":""PoseSelection"",""variable"":""Pose_ID"",""ascending"":true,""number_to_return"":1},""dataset_split"":{""type_"":""RandomSplit"",""name"":""RandomSplit"",""deterministic"":false,""split_level"":0,""reference_structure_column"":""Reference_Structure"",""n_reference_structures"":50},""similarity_split"":null,""scorer"":{""type_"":""RMSDScorer"",""name"":""RMSD"",""category"":""Score"",""variable"":""PoseData_RMSD"",""ascending"":true,""number_to_return"":1},""evaluator"":{""type_"":""BinaryEvaluation"",""name"":""BinaryEvaluation"",""variable"":""PoseData_RMSD"",""cutoff"":2.0,""below_cutoff_is_good"":true},""n_bootstraps"":1000,""dataset_before_similarity"":true}",,
1000,RMSD,1,PoseData_RMSD,2.0,Default,1,RandomSplit,100,Reference_Structure,0.8990825688073395,0.944954128440367,0.9357798165137615,0.908256880733945,218,0.9233256880733945,"{""type_"":""Evaluator"",""name"":""Evaluator"",""pose_selector"":{""type_"":""PoseSelector"",""name"":""Default"",""category"":""PoseSelection"",""variable"":""Pose_ID"",""ascending"":true,""number_to_return"":1},""dataset_split"":{""type_"":""RandomSplit"",""name"":""RandomSplit"",""deterministic"":false,""split_level"":0,""reference_structure_column"":""Reference_Structure"",""n_reference_structures"":100},""similarity_split"":null,""scorer"":{""type_"":""RMSDScorer"",""name"":""RMSD"",""category"":""Score"",""variable"":""PoseData_RMSD"",""ascending"":true,""number_to_return"":1},""evaluator"":{""type_"":""BinaryEvaluation"",""name"":""BinaryEvaluation"",""variable"":""PoseData_RMSD"",""cutoff"":2.0,""below_cutoff_is_good"":true},""n_bootstraps"":1000,""dataset_before_similarity"":true}",,
1000,RMSD,1,PoseData_RMSD,2.0,Default,1,RandomSplit,125,Reference_Structure,0.908256880733945,0.944954128440367,0.944954128440367,0.9174311926605505,218,0.9308669724770643,"{""type_"":""Evaluator"",""name"":""Evaluator"",""pose_selector"":{""type_"":""PoseSelector"",""name"":""Default"",""category"":""PoseSelection"",""variable"":""Pose_ID"",""ascending"":true,""number_to_return"":1},""dataset_split"":{""type_"":""RandomSplit"",""name"":""RandomSplit"",""deterministic"":false,""split_level"":0,""reference_structure_column"":""Reference_Structure"",""n_reference_structures"":125},""similarity_split"":null,""scorer"":{""type_"":""RMSDScorer"",""name"":""RMSD"",""category"":""Score"",""variable"":""PoseData_RMSD"",""ascending"":true,""number_to_return"":1},""evaluator"":{""type_"":""BinaryEvaluation"",""name"":""BinaryEvaluation"",""variable"":""PoseData_RMSD"",""cutoff"":2.0,""below_cutoff_is_good"":true},""n_bootstraps"":1000,""dataset_before_similarity"":true}",,
1000,RMSD,1,PoseData_RMSD,2.0,Default,1,RandomSplit,175,Reference_Structure,0.9311926605504587,0.944954128440367,0.944954128440367,0.9357798165137615,218,0.9427935779816514,"{""type_"":""Evaluator"",""name"":""Evaluator"",""pose_selector"":{""type_"":""PoseSelector"",""name"":""Default"",""category"":""PoseSelection"",""variable"":""Pose_ID"",""ascending"":true,""number_to_return"":1},""dataset_split"":{""type_"":""RandomSplit"",""name"":""RandomSplit"",""deterministic"":false,""split_level"":0,""reference_structure_column"":""Reference_Structure"",""n_reference_structures"":175},""similarity_split"":null,""scorer"":{""type_"":""RMSDScorer"",""name"":""RMSD"",""category"":""Score"",""variable"":""PoseData_RMSD"",""ascending"":true,""number_to_return"":1},""evaluator"":{""type_"":""BinaryEvaluation"",""name"":""BinaryEvaluation"",""variable"":""PoseData_RMSD"",""cutoff"":2.0,""below_cutoff_is_good"":true},""n_bootstraps"":1000,""dataset_before_similarity"":true}",,
1000,RMSD,1,PoseData_RMSD,2.0,Default,1,RandomSplit,185,Reference_Structure,0.944954128440367,0.944954128440367,0.9680176813871577,0.9062417832046739,218,0.944954128440367,"{""type_"":""Evaluator"",""name"":""Evaluator"",""pose_selector"":{""type_"":""PoseSelector"",""name"":""Default"",""category"":""PoseSelection"",""variable"":""Pose_ID"",""ascending"":true,""number_to_return"":1},""dataset_split"":{""type_"":""RandomSplit"",""name"":""RandomSplit"",""deterministic"":false,""split_level"":0,""reference_structure_column"":""Reference_Structure"",""n_reference_structures"":185},""similarity_split"":null,""scorer"":{""type_"":""RMSDScorer"",""name"":""RMSD"",""category"":""Score"",""variable"":""PoseData_RMSD"",""ascending"":true,""number_to_return"":1},""evaluator"":{""type_"":""BinaryEvaluation"",""name"":""BinaryEvaluation"",""variable"":""PoseData_RMSD"",""cutoff"":2.0,""below_cutoff_is_good"":true},""n_bootstraps"":1000,""dataset_before_similarity"":true}",,
1000,RMSD,1,PoseData_RMSD,2.0,Default,1,DateSplit,1,Reference_Structure,0.013761467889908258,0.44495412844036697,0.44495412844036697,0.013761467889908258,218,0.13841743119266056,"{""type_"":""Evaluator"",""name"":""Evaluator"",""pose_selector"":{""type_"":""PoseSelector"",""name"":""Default"",""category"":""PoseSelection"",""variable"":""Pose_ID"",""ascending"":true,""number_to_return"":1},""dataset_split"":{""type_"":""DateSplit"",""name"":""DateSplit"",""deterministic"":false,""split_level"":0,""reference_structure_column"":""Reference_Structure"",""n_reference_structures"":1,""date_column"":""RefData_Date"",""randomize_by_n_days"":1},""similarity_split"":null,""scorer"":{""type_"":""RMSDScorer"",""name"":""RMSD"",""category"":""Score"",""variable"":""PoseData_RMSD"",""ascending"":true,""number_to_return"":1},""evaluator"":{""type_"":""BinaryEvaluation"",""name"":""BinaryEvaluation"",""variable"":""PoseData_RMSD"",""cutoff"":2.0,""below_cutoff_is_good"":true},""n_bootstraps"":1000,""dataset_before_similarity"":true}",1.0,RefData_Date
1000,RMSD,1,PoseData_RMSD,2.0,Default,1,DateSplit,2,Reference_Structure,0.027522935779816515,0.5275229357798165,0.5275229357798165,0.027522935779816515,218,0.2465275229357798,"{""type_"":""Evaluator"",""name"":""Evaluator"",""pose_selector"":{""type_"":""PoseSelector"",""name"":""Default"",""category"":""PoseSelection"",""variable"":""Pose_ID"",""ascending"":true,""number_to_return"":1},""dataset_split"":{""type_"":""DateSplit"",""name"":""DateSplit"",""deterministic"":false,""split_level"":0,""reference_structure_column"":""Reference_Structure"",""n_reference_structures"":2,""date_column"":""RefData_Date"",""randomize_by_n_days"":1},""similarity_split"":null,""scorer"":{""type_"":""RMSDScorer"",""name"":""RMSD"",""category"":""Score"",""variable"":""PoseData_RMSD"",""ascending"":true,""number_to_return"":1},""evaluator"":{""type_"":""BinaryEvaluation"",""name"":""BinaryEvaluation"",""variable"":""PoseData_RMSD"",""cutoff"":2.0,""below_cutoff_is_good"":true},""n_bootstraps"":1000,""dataset_before_similarity"":true}",1.0,RefData_Date
1000,RMSD,1,PoseData_RMSD,2.0,Default,1,DateSplit,5,Reference_Structure,0.30275229357798167,0.5596330275229358,0.5596330275229358,0.30275229357798167,218,0.49727981651376146,"{""type_"":""Evaluator"",""name"":""Evaluator"",""pose_selector"":{""type_"":""PoseSelector"",""name"":""Default"",""category"":""PoseSelection"",""variable"":""Pose_ID"",""ascending"":true,""number_to_return"":1},""dataset_split"":{""type_"":""DateSplit"",""name"":""DateSplit"",""deterministic"":false,""split_level"":0,""reference_structure_column"":""Reference_Structure"",""n_reference_structures"":5,""date_column"":""RefData_Date"",""randomize_by_n_days"":1},""similarity_split"":null,""scorer"":{""type_"":""RMSDScorer"",""name"":""RMSD"",""category"":""Score"",""variable"":""PoseData_RMSD"",""ascending"":true,""number_to_return"":1},""evaluator"":{""type_"":""BinaryEvaluation"",""name"":""BinaryEvaluation"",""variable"":""PoseData_RMSD"",""cutoff"":2.0,""below_cutoff_is_good"":true},""n_bootstraps"":1000,""dataset_before_similarity"":true}",1.0,RefData_Date
1000,RMSD,1,PoseData_RMSD,2.0,Default,1,DateSplit,10,Reference_Structure,0.6651376146788991,0.8073394495412844,0.8027522935779816,0.7339449541284404,218,0.7751605504587156,"{""type_"":""Evaluator"",""name"":""Evaluator"",""pose_selector"":{""type_"":""PoseSelector"",""name"":""Default"",""category"":""PoseSelection"",""variable"":""Pose_ID"",""ascending"":true,""number_to_return"":1},""dataset_split"":{""type_"":""DateSplit"",""name"":""DateSplit"",""deterministic"":false,""split_level"":0,""reference_structure_column"":""Reference_Structure"",""n_reference_structures"":10,""date_column"":""RefData_Date"",""randomize_by_n_days"":1},""similarity_split"":null,""scorer"":{""type_"":""RMSDScorer"",""name"":""RMSD"",""category"":""Score"",""variable"":""PoseData_RMSD"",""ascending"":true,""number_to_return"":1},""evaluator"":{""type_"":""BinaryEvaluation"",""name"":""BinaryEvaluation"",""variable"":""PoseData_RMSD"",""cutoff"":2.0,""below_cutoff_is_good"":true},""n_bootstraps"":1000,""dataset_before_similarity"":true}",1.0,RefData_Date
1000,RMSD,1,PoseData_RMSD,2.0,Default,1,DateSplit,20,Reference_Structure,0.8073394495412844,0.8715596330275229,0.8623853211009175,0.8211009174311926,218,0.8429449541284403,"{""type_"":""Evaluator"",""name"":""Evaluator"",""pose_selector"":{""type_"":""PoseSelector"",""name"":""Default"",""category"":""PoseSelection"",""variable"":""Pose_ID"",""ascending"":true,""number_to_return"":1},""dataset_split"":{""type_"":""DateSplit"",""name"":""DateSplit"",""deterministic"":false,""split_level"":0,""reference_structure_column"":""Reference_Structure"",""n_reference_structures"":20,""date_column"":""RefData_Date"",""randomize_by_n_days"":1},""similarity_split"":null,""scorer"":{""type_"":""RMSDScorer"",""name"":""RMSD"",""category"":""Score"",""variable"":""PoseData_RMSD"",""ascending"":true,""number_to_return"":1},""evaluator"":{""type_"":""BinaryEvaluation"",""name"":""BinaryEvaluation"",""variable"":""PoseData_RMSD"",""cutoff"":2.0,""below_cutoff_is_good"":true},""n_bootstraps"":1000,""dataset_before_similarity"":true}",1.0,RefData_Date
1000,RMSD,1,PoseData_RMSD,2.0,Default,1,DateSplit,50,Reference_Structure,0.8715596330275229,0.8807339449541285,0.8807339449541285,0.8761467889908257,218,0.8799082568807339,"{""type_"":""Evaluator"",""name"":""Evaluator"",""pose_selector"":{""type_"":""PoseSelector"",""name"":""Default"",""category"":""PoseSelection"",""variable"":""Pose_ID"",""ascending"":true,""number_to_return"":1},""dataset_split"":{""type_"":""DateSplit"",""name"":""DateSplit"",""deterministic"":false,""split_level"":0,""reference_structure_column"":""Reference_Structure"",""n_reference_structures"":50,""date_column"":""RefData_Date"",""randomize_by_n_days"":1},""similarity_split"":null,""scorer"":{""type_"":""RMSDScorer"",""name"":""RMSD"",""category"":""Score"",""variable"":""PoseData_RMSD"",""ascending"":true,""number_to_return"":1},""evaluator"":{""type_"":""BinaryEvaluation"",""name"":""BinaryEvaluation"",""variable"":""PoseData_RMSD"",""cutoff"":2.0,""below_cutoff_is_good"":true},""n_bootstraps"":1000,""dataset_before_similarity"":true}",1.0,RefData_Date
1000,RMSD,1,PoseData_RMSD,2.0,Default,1,DateSplit,100,Reference_Structure,0.9036697247706422,0.926605504587156,0.926605504587156,0.9128440366972477,218,0.9215321100917432,"{""type_"":""Evaluator"",""name"":""Evaluator"",""pose_selector"":{""type_"":""PoseSelector"",""name"":""Default"",""category"":""PoseSelection"",""variable"":""Pose_ID"",""ascending"":true,""number_to_return"":1},""dataset_split"":{""type_"":""DateSplit"",""name"":""DateSplit"",""deterministic"":false,""split_level"":0,""reference_structure_column"":""Reference_Structure"",""n_reference_structures"":100,""date_column"":""RefData_Date"",""randomize_by_n_days"":1},""similarity_split"":null,""scorer"":{""type_"":""RMSDScorer"",""name"":""RMSD"",""category"":""Score"",""variable"":""PoseData_RMSD"",""ascending"":true,""number_to_return"":1},""evaluator"":{""type_"":""BinaryEvaluation"",""name"":""BinaryEvaluation"",""variable"":""PoseData_RMSD"",""cutoff"":2.0,""below_cutoff_is_good"":true},""n_bootstraps"":1000,""dataset_before_similarity"":true}",1.0,RefData_Date
1000,RMSD,1,PoseData_RMSD,2.0,Default,1,DateSplit,125,Reference_Structure,0.926605504587156,0.926605504587156,0.926605504587156,0.926605504587156,218,0.9266055045871564,"{""type_"":""Evaluator"",""name"":""Evaluator"",""pose_selector"":{""type_"":""PoseSelector"",""name"":""Default"",""category"":""PoseSelection"",""variable"":""Pose_ID"",""ascending"":true,""number_to_return"":1},""dataset_split"":{""type_"":""DateSplit"",""name"":""DateSplit"",""deterministic"":false,""split_level"":0,""reference_structure_column"":""Reference_Structure"",""n_reference_structures"":125,""date_column"":""RefData_Date"",""randomize_by_n_days"":1},""similarity_split"":null,""scorer"":{""type_"":""RMSDScorer"",""name"":""RMSD"",""category"":""Score"",""variable"":""PoseData_RMSD"",""ascending"":true,""number_to_return"":1},""evaluator"":{""type_"":""BinaryEvaluation"",""name"":""BinaryEvaluation"",""variable"":""PoseData_RMSD"",""cutoff"":2.0,""below_cutoff_is_good"":true},""n_bootstraps"":1000,""dataset_before_similarity"":true}",1.0,RefData_Date
1000,RMSD,1,PoseData_RMSD,2.0,Default,1,DateSplit,175,Reference_Structure,0.9311926605504587,0.9403669724770642,0.9403669724770642,0.9357798165137615,218,0.9394862385321106,"{""type_"":""Evaluator"",""name"":""Evaluator"",""pose_selector"":{""type_"":""PoseSelector"",""name"":""Default"",""category"":""PoseSelection"",""variable"":""Pose_ID"",""ascending"":true,""number_to_return"":1},""dataset_split"":{""type_"":""DateSplit"",""name"":""DateSplit"",""deterministic"":false,""split_level"":0,""reference_structure_column"":""Reference_Structure"",""n_reference_structures"":175,""date_column"":""RefData_Date"",""randomize_by_n_days"":1},""similarity_split"":null,""scorer"":{""type_"":""RMSDScorer"",""name"":""RMSD"",""category"":""Score"",""variable"":""PoseData_RMSD"",""ascending"":true,""number_to_return"":1},""evaluator"":{""type_"":""BinaryEvaluation"",""name"":""BinaryEvaluation"",""variable"":""PoseData_RMSD"",""cutoff"":2.0,""below_cutoff_is_good"":true},""n_bootstraps"":1000,""dataset_before_similarity"":true}",1.0,RefData_Date
1000,RMSD,1,PoseData_RMSD,2.0,Default,1,DateSplit,185,Reference_Structure,0.944954128440367,0.944954128440367,0.9680176813871577,0.9062417832046739,218,0.944954128440367,"{""type_"":""Evaluator"",""name"":""Evaluator"",""pose_selector"":{""type_"":""PoseSelector"",""name"":""Default"",""category"":""PoseSelection"",""variable"":""Pose_ID"",""ascending"":true,""number_to_return"":1},""dataset_split"":{""type_"":""DateSplit"",""name"":""DateSplit"",""deterministic"":false,""split_level"":0,""reference_structure_column"":""Reference_Structure"",""n_reference_structures"":185,""date_column"":""RefData_Date"",""randomize_by_n_days"":1},""similarity_split"":null,""scorer"":{""type_"":""RMSDScorer"",""name"":""RMSD"",""category"":""Score"",""variable"":""PoseData_RMSD"",""ascending"":true,""number_to_return"":1},""evaluator"":{""type_"":""BinaryEvaluation"",""name"":""BinaryEvaluation"",""variable"":""PoseData_RMSD"",""cutoff"":2.0,""below_cutoff_is_good"":true},""n_bootstraps"":1000,""dataset_before_similarity"":true}",1.0,RefData_Date
1000,POSIT_Probability,1,PoseData_RMSD,2.0,Default,1,RandomSplit,1,Reference_Structure,0.009174311926605505,0.5504587155963303,0.536697247706422,0.01834862385321101,218,0.3837660550458716,"{""type_"":""Evaluator"",""name"":""Evaluator"",""pose_selector"":{""type_"":""PoseSelector"",""name"":""Default"",""category"":""PoseSelection"",""variable"":""Pose_ID"",""ascending"":true,""number_to_return"":1},""dataset_split"":{""type_"":""RandomSplit"",""name"":""RandomSplit"",""deterministic"":false,""split_level"":0,""reference_structure_column"":""Reference_Structure"",""n_reference_structures"":1},""similarity_split"":null,""scorer"":{""type_"":""POSITScorer"",""name"":""POSIT_Probability"",""category"":""Score"",""variable"":""PoseData_docking-confidence-POSIT"",""ascending"":false,""number_to_return"":1},""evaluator"":{""type_"":""BinaryEvaluation"",""name"":""BinaryEvaluation"",""variable"":""PoseData_RMSD"",""cutoff"":2.0,""below_cutoff_is_good"":true},""n_bootstraps"":1000,""dataset_before_similarity"":true}",,
1000,POSIT_Probability,1,PoseData_RMSD,2.0,Default,1,RandomSplit,2,Reference_Structure,0.009174311926605505,0.6376146788990825,0.5825688073394495,0.24311926605504589,218,0.4827018348623853,"{""type_"":""Evaluator"",""name"":""Evaluator"",""pose_selector"":{""type_"":""PoseSelector"",""name"":""Default"",""category"":""PoseSelection"",""variable"":""Pose_ID"",""ascending"":true,""number_to_return"":1},""dataset_split"":{""type_"":""RandomSplit"",""name"":""RandomSplit"",""deterministic"":false,""split_level"":0,""reference_structure_column"":""Reference_Structure"",""n_reference_structures"":2},""similarity_split"":null,""scorer"":{""type_"":""POSITScorer"",""name"":""POSIT_Probability"",""category"":""Score"",""variable"":""PoseData_docking-confidence-POSIT"",""ascending"":false,""number_to_return"":1},""evaluator"":{""type_"":""BinaryEvaluation"",""name"":""BinaryEvaluation"",""variable"":""PoseData_RMSD"",""cutoff"":2.0,""below_cutoff_is_good"":true},""n_bootstraps"":1000,""dataset_before_similarity"":true}",,
1000,POSIT_Probability,1,PoseData_RMSD,2.0,Default,1,RandomSplit,5,Reference_Structure,0.26146788990825687,0.6697247706422018,0.6376146788990825,0.4724770642201835,218,0.5664954128440368,"{""type_"":""Evaluator"",""name"":""Evaluator"",""pose_selector"":{""type_"":""PoseSelector"",""name"":""Default"",""category"":""PoseSelection"",""variable"":""Pose_ID"",""ascending"":true,""number_to_return"":1},""dataset_split"":{""type_"":""RandomSplit"",""name"":""RandomSplit"",""deterministic"":false,""split_level"":0,""reference_structure_column"":""Reference_Structure"",""n_reference_structures"":5},""similarity_split"":null,""scorer"":{""type_"":""POSITScorer"",""name"":""POSIT_Probability"",""category"":""Score"",""variable"":""PoseData_docking-confidence-POSIT"",""ascending"":false,""number_to_return"":1},""evaluator"":{""type_"":""BinaryEvaluation"",""name"":""BinaryEvaluation"",""variable"":""PoseData_RMSD"",""cutoff"":2.0,""below_cutoff_is_good"":true},""n_bootstraps"":1000,""dataset_before_similarity"":true}",,
1000,POSIT_Probability,1,PoseData_RMSD,2.0,Default,1,RandomSplit,10,Reference_Structure,0.42201834862385323,0.6926605504587156,0.6605504587155964,0.5275229357798165,218,0.6041422018348623,"{""type_"":""Evaluator"",""name"":""Evaluator"",""pose_selector"":{""type_"":""PoseSelector"",""name"":""Default"",""category"":""PoseSelection"",""variable"":""Pose_ID"",""ascending"":true,""number_to_return"":1},""dataset_split"":{""type_"":""RandomSplit"",""name"":""RandomSplit"",""deterministic"":false,""split_level"":0,""reference_structure_column"":""Reference_Structure"",""n_reference_structures"":10},""similarity_split"":null,""scorer"":{""type_"":""POSITScorer"",""name"":""POSIT_Probability"",""category"":""Score"",""variable"":""PoseData_docking-confidence-POSIT"",""ascending"":false,""number_to_return"":1},""evaluator"":{""type_"":""BinaryEvaluation"",""name"":""BinaryEvaluation"",""variable"":""PoseData_RMSD"",""cutoff"":2.0,""below_cutoff_is_good"":true},""n_bootstraps"":1000,""dataset_before_similarity"":true}",,
1000,POSIT_Probability,1,PoseData_RMSD,2.0,Default,1,RandomSplit,20,Reference_Structure,0.5,0.6926605504587156,0.6788990825688074,0.5688073394495413,218,0.6303669724770643,"{""type_"":""Evaluator"",""name"":""Evaluator"",""pose_selector"":{""type_"":""PoseSelector"",""name"":""Default"",""category"":""PoseSelection"",""variable"":""Pose_ID"",""ascending"":true,""number_to_return"":1},""dataset_split"":{""type_"":""RandomSplit"",""name"":""RandomSplit"",""deterministic"":false,""split_level"":0,""reference_structure_column"":""Reference_Structure"",""n_reference_structures"":20},""similarity_split"":null,""scorer"":{""type_"":""POSITScorer"",""name"":""POSIT_Probability"",""category"":""Score"",""variable"":""PoseData_docking-confidence-POSIT"",""ascending"":false,""number_to_return"":1},""evaluator"":{""type_"":""BinaryEvaluation"",""name"":""BinaryEvaluation"",""variable"":""PoseData_RMSD"",""cutoff"":2.0,""below_cutoff_is_good"":true},""n_bootstraps"":1000,""dataset_before_similarity"":true}",,
1000,POSIT_Probability,1,PoseData_RMSD,2.0,Default,1,RandomSplit,50,Reference_Structure,0.5642201834862385,0.7201834862385321,0.6926605504587156,0.6146788990825688,218,0.6567110091743119,"{""type_"":""Evaluator"",""name"":""Evaluator"",""pose_selector"":{""type_"":""PoseSelector"",""name"":""Default"",""category"":""PoseSelection"",""variable"":""Pose_ID"",""ascending"":true,""number_to_return"":1},""dataset_split"":{""type_"":""RandomSplit"",""name"":""RandomSplit"",""deterministic"":false,""split_level"":0,""reference_structure_column"":""Reference_Structure"",""n_reference_structures"":50},""similarity_split"":null,""scorer"":{""type_"":""POSITScorer"",""name"":""POSIT_Probability"",""category"":""Score"",""variable"":""PoseData_docking-confidence-POSIT"",""ascending"":false,""number_to_return"":1},""evaluator"":{""type_"":""BinaryEvaluation"",""name"":""BinaryEvaluation"",""variable"":""PoseData_RMSD"",""cutoff"":2.0,""below_cutoff_is_good"":true},""n_bootstraps"":1000,""dataset_before_similarity"":true}",,
1000,POSIT_Probability,1,PoseData_RMSD,2.0,Default,1,RandomSplit,100,Reference_Structure,0.6192660550458715,0.7064220183486238,0.6926605504587156,0.6422018348623854,218,0.6690963302752293,"{""type_"":""Evaluator"",""name"":""Evaluator"",""pose_selector"":{""type_"":""PoseSelector"",""name"":""Default"",""category"":""PoseSelection"",""variable"":""Pose_ID"",""ascending"":true,""number_to_return"":1},""dataset_split"":{""type_"":""RandomSplit"",""name"":""RandomSplit"",""deterministic"":false,""split_level"":0,""reference_structure_column"":""Reference_Structure"",""n_reference_structures"":100},""similarity_split"":null,""scorer"":{""type_"":""POSITScorer"",""name"":""POSIT_Probability"",""category"":""Score"",""variable"":""PoseData_docking-confidence-POSIT"",""ascending"":false,""number_to_return"":1},""evaluator"":{""type_"":""BinaryEvaluation"",""name"":""BinaryEvaluation"",""variable"":""PoseData_RMSD"",""cutoff"":2.0,""below_cutoff_is_good"":true},""n_bootstraps"":1000,""dataset_before_similarity"":true}",,
1000,POSIT_Probability,1,PoseData_RMSD,2.0,Default,1,RandomSplit,125,Reference_Structure,0.6330275229357798,0.7064220183486238,0.6972477064220184,0.6467889908256881,218,0.6726926605504587,"{""type_"":""Evaluator"",""name"":""Evaluator"",""pose_selector"":{""type_"":""PoseSelector"",""name"":""Default"",""category"":""PoseSelection"",""variable"":""Pose_ID"",""ascending"":true,""number_to_return"":1},""dataset_split"":{""type_"":""RandomSplit"",""name"":""RandomSplit"",""deterministic"":false,""split_level"":0,""reference_structure_column"":""Reference_Structure"",""n_reference_structures"":125},""similarity_split"":null,""scorer"":{""type_"":""POSITScorer"",""name"":""POSIT_Probability"",""category"":""Score"",""variable"":""PoseData_docking-confidence-POSIT"",""ascending"":false,""number_to_return"":1},""evaluator"":{""type_"":""BinaryEvaluation"",""name"":""BinaryEvaluation"",""variable"":""PoseData_RMSD"",""cutoff"":2.0,""below_cutoff_is_good"":true},""n_bootstraps"":1000,""dataset_before_similarity"":true}",,
1000,POSIT_Probability,1,PoseData_RMSD,2.0,Default,1,RandomSplit,175,Reference_Structure,0.6422018348623854,0.7018348623853211,0.6926605504587156,0.6559633027522935,218,0.6748394495412845,"{""type_"":""Evaluator"",""name"":""Evaluator"",""pose_selector"":{""type_"":""PoseSelector"",""name"":""Default"",""category"":""PoseSelection"",""variable"":""Pose_ID"",""ascending"":true,""number_to_return"":1},""dataset_split"":{""type_"":""RandomSplit"",""name"":""RandomSplit"",""deterministic"":false,""split_level"":0,""reference_structure_column"":""Reference_Structure"",""n_reference_structures"":175},""similarity_split"":null,""scorer"":{""type_"":""POSITScorer"",""name"":""POSIT_Probability"",""category"":""Score"",""variable"":""PoseData_docking-confidence-POSIT"",""ascending"":false,""number_to_return"":1},""evaluator"":{""type_"":""BinaryEvaluation"",""name"":""BinaryEvaluation"",""variable"":""PoseData_RMSD"",""cutoff"":2.0,""below_cutoff_is_good"":true},""n_bootstraps"":1000,""dataset_before_similarity"":true}",,
1000,POSIT_Probability,1,PoseData_RMSD,2.0,Default,1,RandomSplit,185,Reference_Structure,0.6743119266055045,0.6743119266055045,0.7330292377920227,0.6094505716680911,218,0.6743119266055045,"{""type_"":""Evaluator"",""name"":""Evaluator"",""pose_selector"":{""type_"":""PoseSelector"",""name"":""Default"",""category"":""PoseSelection"",""variable"":""Pose_ID"",""ascending"":true,""number_to_return"":1},""dataset_split"":{""type_"":""RandomSplit"",""name"":""RandomSplit"",""deterministic"":false,""split_level"":0,""reference_structure_column"":""Reference_Structure"",""n_reference_structures"":185},""similarity_split"":null,""scorer"":{""type_"":""POSITScorer"",""name"":""POSIT_Probability"",""category"":""Score"",""variable"":""PoseData_docking-confidence-POSIT"",""ascending"":false,""number_to_return"":1},""evaluator"":{""type_"":""BinaryEvaluation"",""name"":""BinaryEvaluation"",""variable"":""PoseData_RMSD"",""cutoff"":2.0,""below_cutoff_is_good"":true},""n_bootstraps"":1000,""dataset_before_similarity"":true}",,
1000,POSIT_Probability,1,PoseData_RMSD,2.0,Default,1,DateSplit,1,Reference_Structure,0.013761467889908258,0.44495412844036697,0.44495412844036697,0.013761467889908258,218,0.1315366972477064,"{""type_"":""Evaluator"",""name"":""Evaluator"",""pose_selector"":{""type_"":""PoseSelector"",""name"":""Default"",""category"":""PoseSelection"",""variable"":""Pose_ID"",""ascending"":true,""number_to_return"":1},""dataset_split"":{""type_"":""DateSplit"",""name"":""DateSplit"",""deterministic"":false,""split_level"":0,""reference_structure_column"":""Reference_Structure"",""n_reference_structures"":1,""date_column"":""RefData_Date"",""randomize_by_n_days"":1},""similarity_split"":null,""scorer"":{""type_"":""POSITScorer"",""name"":""POSIT_Probability"",""category"":""Score"",""variable"":""PoseData_docking-confidence-POSIT"",""ascending"":false,""number_to_return"":1},""evaluator"":{""type_"":""BinaryEvaluation"",""name"":""BinaryEvaluation"",""variable"":""PoseData_RMSD"",""cutoff"":2.0,""below_cutoff_is_good"":true},""n_bootstraps"":1000,""dataset_before_similarity"":true}",1.0,RefData_Date
1000,POSIT_Probability,1,PoseData_RMSD,2.0,Default,1,DateSplit,2,Reference_Structure,0.009174311926605505,0.4724770642201835,0.4724770642201835,0.009174311926605505,218,0.22374311926605503,"{""type_"":""Evaluator"",""name"":""Evaluator"",""pose_selector"":{""type_"":""PoseSelector"",""name"":""Default"",""category"":""PoseSelection"",""variable"":""Pose_ID"",""ascending"":true,""number_to_return"":1},""dataset_split"":{""type_"":""DateSplit"",""name"":""DateSplit"",""deterministic"":false,""split_level"":0,""reference_structure_column"":""Reference_Structure"",""n_reference_structures"":2,""date_column"":""RefData_Date"",""randomize_by_n_days"":1},""similarity_split"":null,""scorer"":{""type_"":""POSITScorer"",""name"":""POSIT_Probability"",""category"":""Score"",""variable"":""PoseData_docking-confidence-POSIT"",""ascending"":false,""number_to_return"":1},""evaluator"":{""type_"":""BinaryEvaluation"",""name"":""BinaryEvaluation"",""variable"":""PoseData_RMSD"",""cutoff"":2.0,""below_cutoff_is_good"":true},""n_bootstraps"":1000,""dataset_before_similarity"":true}",1.0,RefData_Date
1000,POSIT_Probability,1,PoseData_RMSD,2.0,Default,1,DateSplit,5,Reference_Structure,0.22018348623853212,0.46788990825688076,0.46788990825688076,0.22018348623853212,218,0.40294036697247704,"{""type_"":""Evaluator"",""name"":""Evaluator"",""pose_selector"":{""type_"":""PoseSelector"",""name"":""Default"",""category"":""PoseSelection"",""variable"":""Pose_ID"",""ascending"":true,""number_to_return"":1},""dataset_split"":{""type_"":""DateSplit"",""name"":""DateSplit"",""deterministic"":false,""split_level"":0,""reference_structure_column"":""Reference_Structure"",""n_reference_structures"":5,""date_column"":""RefData_Date"",""randomize_by_n_days"":1},""similarity_split"":null,""scorer"":{""type_"":""POSITScorer"",""name"":""POSIT_Probability"",""category"":""Score"",""variable"":""PoseData_docking-confidence-POSIT"",""ascending"":false,""number_to_return"":1},""evaluator"":{""type_"":""BinaryEvaluation"",""name"":""BinaryEvaluation"",""variable"":""PoseData_RMSD"",""cutoff"":2.0,""below_cutoff_is_good"":true},""n_bootstraps"":1000,""dataset_before_similarity"":true}",1.0,RefData_Date
1000,POSIT_Probability,1,PoseData_RMSD,2.0,Default,1,DateSplit,10,Reference_Structure,0.37155963302752293,0.5596330275229358,0.5458715596330275,0.43577981651376146,218,0.5046192660550458,"{""type_"":""Evaluator"",""name"":""Evaluator"",""pose_selector"":{""type_"":""PoseSelector"",""name"":""Default"",""category"":""PoseSelection"",""variable"":""Pose_ID"",""ascending"":true,""number_to_return"":1},""dataset_split"":{""type_"":""DateSplit"",""name"":""DateSplit"",""deterministic"":false,""split_level"":0,""reference_structure_column"":""Reference_Structure"",""n_reference_structures"":10,""date_column"":""RefData_Date"",""randomize_by_n_days"":1},""similarity_split"":null,""scorer"":{""type_"":""POSITScorer"",""name"":""POSIT_Probability"",""category"":""Score"",""variable"":""PoseData_docking-confidence-POSIT"",""ascending"":false,""number_to_return"":1},""evaluator"":{""type_"":""BinaryEvaluation"",""name"":""BinaryEvaluation"",""variable"":""PoseData_RMSD"",""cutoff"":2.0,""below_cutoff_is_good"":true},""n_bootstraps"":1000,""dataset_before_similarity"":true}",1.0,RefData_Date
1000,POSIT_Probability,1,PoseData_RMSD,2.0,Default,1,DateSplit,20,Reference_Structure,0.4954128440366973,0.5871559633027523,0.5779816513761468,0.5091743119266054,218,0.5447522935779816,"{""type_"":""Evaluator"",""name"":""Evaluator"",""pose_selector"":{""type_"":""PoseSelector"",""name"":""Default"",""category"":""PoseSelection"",""variable"":""Pose_ID"",""ascending"":true,""number_to_return"":1},""dataset_split"":{""type_"":""DateSplit"",""name"":""DateSplit"",""deterministic"":false,""split_level"":0,""reference_structure_column"":""Reference_Structure"",""n_reference_structures"":20,""date_column"":""RefData_Date"",""randomize_by_n_days"":1},""similarity_split"":null,""scorer"":{""type_"":""POSITScorer"",""name"":""POSIT_Probability"",""category"":""Score"",""variable"":""PoseData_docking-confidence-POSIT"",""ascending"":false,""number_to_return"":1},""evaluator"":{""type_"":""BinaryEvaluation"",""name"":""BinaryEvaluation"",""variable"":""PoseData_RMSD"",""cutoff"":2.0,""below_cutoff_is_good"":true},""n_bootstraps"":1000,""dataset_before_similarity"":true}",1.0,RefData_Date
1000,POSIT_Probability,1,PoseData_RMSD,2.0,Default,1,DateSplit,50,Reference_Structure,0.5504587155963303,0.591743119266055,0.591743119266055,0.5504587155963303,218,0.5697614678899083,"{""type_"":""Evaluator"",""name"":""Evaluator"",""pose_selector"":{""type_"":""PoseSelector"",""name"":""Default"",""category"":""PoseSelection"",""variable"":""Pose_ID"",""ascending"":true,""number_to_return"":1},""dataset_split"":{""type_"":""DateSplit"",""name"":""DateSplit"",""deterministic"":false,""split_level"":0,""reference_structure_column"":""Reference_Structure"",""n_reference_structures"":50,""date_column"":""RefData_Date"",""randomize_by_n_days"":1},""similarity_split"":null,""scorer"":{""type_"":""POSITScorer"",""name"":""POSIT_Probability"",""category"":""Score"",""variable"":""PoseData_docking-confidence-POSIT"",""ascending"":false,""number_to_return"":1},""evaluator"":{""type_"":""BinaryEvaluation"",""name"":""BinaryEvaluation"",""variable"":""PoseData_RMSD"",""cutoff"":2.0,""below_cutoff_is_good"":true},""n_bootstraps"":1000,""dataset_before_similarity"":true}",1.0,RefData_Date
1000,POSIT_Probability,1,PoseData_RMSD,2.0,Default,1,DateSplit,100,Reference_Structure,0.5642201834862385,0.6605504587155964,0.6467889908256881,0.5871559633027523,218,0.6155504587155964,"{""type_"":""Evaluator"",""name"":""Evaluator"",""pose_selector"":{""type_"":""PoseSelector"",""name"":""Default"",""category"":""PoseSelection"",""variable"":""Pose_ID"",""ascending"":true,""number_to_return"":1},""dataset_split"":{""type_"":""DateSplit"",""name"":""DateSplit"",""deterministic"":false,""split_level"":0,""reference_structure_column"":""Reference_Structure"",""n_reference_structures"":100,""date_column"":""RefData_Date"",""randomize_by_n_days"":1},""similarity_split"":null,""scorer"":{""type_"":""POSITScorer"",""name"":""POSIT_Probability"",""category"":""Score"",""variable"":""PoseData_docking-confidence-POSIT"",""ascending"":false,""number_to_return"":1},""evaluator"":{""type_"":""BinaryEvaluation"",""name"":""BinaryEvaluation"",""variable"":""PoseData_RMSD"",""cutoff"":2.0,""below_cutoff_is_good"":true},""n_bootstraps"":1000,""dataset_before_similarity"":true}",1.0,RefData_Date
1000,POSIT_Probability,1,PoseData_RMSD,2.0,Default,1,DateSplit,125,Reference_Structure,0.6055045871559633,0.6055045871559633,0.6055045871559633,0.6055045871559633,218,0.6055045871559633,"{""type_"":""Evaluator"",""name"":""Evaluator"",""pose_selector"":{""type_"":""PoseSelector"",""name"":""Default"",""category"":""PoseSelection"",""variable"":""Pose_ID"",""ascending"":true,""number_to_return"":1},""dataset_split"":{""type_"":""DateSplit"",""name"":""DateSplit"",""deterministic"":false,""split_level"":0,""reference_structure_column"":""Reference_Structure"",""n_reference_structures"":125,""date_column"":""RefData_Date"",""randomize_by_n_days"":1},""similarity_split"":null,""scorer"":{""type_"":""POSITScorer"",""name"":""POSIT_Probability"",""category"":""Score"",""variable"":""PoseData_docking-confidence-POSIT"",""ascending"":false,""number_to_return"":1},""evaluator"":{""type_"":""BinaryEvaluation"",""name"":""BinaryEvaluation"",""variable"":""PoseData_RMSD"",""cutoff"":2.0,""below_cutoff_is_good"":true},""n_bootstraps"":1000,""dataset_before_similarity"":true}",1.0,RefData_Date
1000,POSIT_Probability,1,PoseData_RMSD,2.0,Default,1,DateSplit,175,Reference_Structure,0.6513761467889908,0.6972477064220184,0.6926605504587156,0.6559633027522935,218,0.6754633027522936,"{""type_"":""Evaluator"",""name"":""Evaluator"",""pose_selector"":{""type_"":""PoseSelector"",""name"":""Default"",""category"":""PoseSelection"",""variable"":""Pose_ID"",""ascending"":true,""number_to_return"":1},""dataset_split"":{""type_"":""DateSplit"",""name"":""DateSplit"",""deterministic"":false,""split_level"":0,""reference_structure_column"":""Reference_Structure"",""n_reference_structures"":175,""date_column"":""RefData_Date"",""randomize_by_n_days"":1},""similarity_split"":null,""scorer"":{""type_"":""POSITScorer"",""name"":""POSIT_Probability"",""category"":""Score"",""variable"":""PoseData_docking-confidence-POSIT"",""ascending"":false,""number_to_return"":1},""evaluator"":{""type_"":""BinaryEvaluation"",""name"":""BinaryEvaluation"",""variable"":""PoseData_RMSD"",""cutoff"":2.0,""below_cutoff_is_good"":true},""n_bootstraps"":1000,""dataset_before_similarity"":true}",1.0,RefData_Date
1000,POSIT_Probability,1,PoseData_RMSD,2.0,Default,1,DateSplit,185,Reference_Structure,0.6743119266055045,0.6743119266055045,0.7330292377920227,0.6094505716680911,218,0.6743119266055045,"{""type_"":""Evaluator"",""name"":""Evaluator"",""pose_selector"":{""type_"":""PoseSelector"",""name"":""Default"",""category"":""PoseSelection"",""variable"":""Pose_ID"",""ascending"":true,""number_to_return"":1},""dataset_split"":{""type_"":""DateSplit"",""name"":""DateSplit"",""deterministic"":false,""split_level"":0,""reference_structure_column"":""Reference_Structure"",""n_reference_structures"":185,""date_column"":""RefData_Date"",""randomize_by_n_days"":1},""similarity_split"":null,""scorer"":{""type_"":""POSITScorer"",""name"":""POSIT_Probability"",""category"":""Score"",""variable"":""PoseData_docking-confidence-POSIT"",""ascending"":false,""number_to_return"":1},""evaluator"":{""type_"":""BinaryEvaluation"",""name"":""BinaryEvaluation"",""variable"":""PoseData_RMSD"",""cutoff"":2.0,""below_cutoff_is_good"":true},""n_bootstraps"":1000,""dataset_before_similarity"":true}",1.0,RefData_Date
